"channel_name","first_touch_conversions","first_touch_value","last_touch_conversions","last_touch_value","linear_touch_conversions","linear_touch_value"
"Instagram",2329,14579.5,2244,14039.5,2265.17935301369,14171.7238417197
"Online Display",2160,13419,2139,13298.5,2124.31525576679,13205.1870680317
"Paid Search",4757,29724,4547,28331.5,4681.19864980159,29194.4585879403
"Facebook",5177,32283,5301,33143.5,5218.90337078549,32614.3000939783
"Online Video",3216,20225.5,3408,21418,3349.40337063245,21045.3304083299
