"channel_name","removal_effects_conversion","removal_effects_conversion_value"
"Instagram",0.237158381095619,0.237308810804833
"Online Display",0.166077259731989,0.165553090580252
"Paid Search",0.339810034822433,0.339583238457084
"Facebook",0.414888283674105,0.41532701403301
"Online Video",0.229055729441893,0.229887861695368
