"channel_name","total_conversions","total_conversion_value"
"Instagram",3141.28532713899,19668.6217672748
"Online Display",2075.97986837011,12806.2836745439
"Paid Search",4418.28610143244,27473.2510607985
"Facebook",5108.00309717383,31809.1562238672
"Online Video",2895.44560588463,18473.6872735157
